{
  "0": {
    "precision": 0.4,
    "recall": 0.14285714285714285,
    "f1-score": 0.21052631578947367,
    "support": 14.0
  },
  "1": {
    "precision": 0.6,
    "recall": 0.4411764705882353,
    "f1-score": 0.5084745762711864,
    "support": 34.0
  },
  "2": {
    "precision": 0.5862068965517241,
    "recall": 0.68,
    "f1-score": 0.6296296296296297,
    "support": 50.0
  },
  "3": {
    "precision": 0.5833333333333334,
    "recall": 0.5283018867924528,
    "f1-score": 0.5544554455445545,
    "support": 53.0
  },
  "4": {
    "precision": 0.8402366863905325,
    "recall": 0.922077922077922,
    "f1-score": 0.8792569659442725,
    "support": 154.0
  },
  "accuracy": 0.7245901639344262,
  "macro avg": {
    "precision": 0.601955383255118,
    "recall": 0.5428826844631505,
    "f1-score": 0.5564685866358233,
    "support": 305.0
  },
  "weighted avg": {
    "precision": 0.7069621678635898,
    "recall": 0.7245901639344262,
    "f1-score": 0.7098645798853568,
    "support": 305.0
  }
}